{"cameraMode":{"drawMode":0,"name":"Shaded","section":"Shading Mode"},"sceneLighting":true,"audioPlay":false,"sceneViewState":{"m_AlwaysRefresh":true,"showFog":true,"showSkybox":true,"showFlares":true,"showImageEffects":true,"showParticleSystems":true,"showVisualEffectGraphs":true,"m_FxEnabled":true},"in2DMode":false,"pivot":{"x":0.01841907575726509,"y":1.1849350929260255,"z":0.1281898021697998},"rotation":{"x":0.05397213622927666,"y":0.007488989271223545,"z":-0.0004047973488923162,"w":0.9985126852989197},"size":0.8696910738945007,"orthographic":false}